{"cv_scheme": {"_type": "image-file", "sha256": "ee0259c953e0e3b406960605d50988e0f1bad8991453a30f4ab7562498f38ee8", "size": 22891, "path": "media/images/cv_scheme_0_ee0259c953e0e3b40696.png", "format": "png", "width": 1600, "height": 480}, "_timestamp": 1703402077.785409, "_runtime": 24.874391078948975, "_step": 1, "validation": {"MAPE": 0.3070104342496402, "fit_time": 6.877869277726859, "prediction_time": 0.5639214306526507}, "_wandb": {"runtime": 24}}