{"cv_scheme": {"_type": "image-file", "sha256": "ee0259c953e0e3b406960605d50988e0f1bad8991453a30f4ab7562498f38ee8", "size": 22891, "path": "media/images/cv_scheme_0_ee0259c953e0e3b40696.png", "format": "png", "width": 1600, "height": 480}, "_timestamp": 1703402708.518038, "_runtime": 15.472316026687622, "_step": 1, "validation": {"MAPE": 0.24584098092928366, "fit_time": 3.672559819339464, "prediction_time": 0.5719939030241221}, "_wandb": {"runtime": 15}}