{"cv_scheme": {"_type": "image-file", "sha256": "ee0259c953e0e3b406960605d50988e0f1bad8991453a30f4ab7562498f38ee8", "size": 22891, "path": "media/images/cv_scheme_0_ee0259c953e0e3b40696.png", "format": "png", "width": 1600, "height": 480}, "_timestamp": 1703402198.6345441, "_runtime": 34.602134227752686, "_step": 1, "validation": {"MAPE": 0.30352803540297196, "fit_time": 10.095113666340088, "prediction_time": 0.5860731250140816}, "_wandb": {"runtime": 34}}