{"cv_scheme": {"_type": "image-file", "sha256": "ee0259c953e0e3b406960605d50988e0f1bad8991453a30f4ab7562498f38ee8", "size": 22891, "path": "media/images/cv_scheme_0_ee0259c953e0e3b40696.png", "format": "png", "width": 1600, "height": 480}, "_timestamp": 1703401776.4157052, "_runtime": 29.940134286880493, "_step": 1, "validation": {"MAPE": 0.2223555919047958, "fit_time": 8.555622805297995, "prediction_time": 0.5593220692826435}, "_wandb": {"runtime": 29}}