{"cv_scheme": {"_type": "image-file", "sha256": "ee0259c953e0e3b406960605d50988e0f1bad8991453a30f4ab7562498f38ee8", "size": 22891, "path": "media/images/cv_scheme_0_ee0259c953e0e3b40696.png", "format": "png", "width": 1600, "height": 480}, "_timestamp": 1703402773.505524, "_runtime": 27.032783031463623, "_step": 1, "validation": {"MAPE": 0.29889369795013393, "fit_time": 7.541205527648951, "prediction_time": 0.5736949996789917}, "_wandb": {"runtime": 26}}