{"cv_scheme": {"_type": "image-file", "sha256": "ee0259c953e0e3b406960605d50988e0f1bad8991453a30f4ab7562498f38ee8", "size": 22891, "path": "media/images/cv_scheme_0_ee0259c953e0e3b40696.png", "format": "png", "width": 1600, "height": 480}, "_timestamp": 1703402809.981806, "_runtime": 27.182661056518555, "_step": 1, "validation": {"MAPE": 0.2968527300385639, "fit_time": 7.563113528032166, "prediction_time": 0.5955205139859269}, "_wandb": {"runtime": 26}}