{"cv_scheme": {"_type": "image-file", "sha256": "ee0259c953e0e3b406960605d50988e0f1bad8991453a30f4ab7562498f38ee8", "size": 22891, "path": "media/images/cv_scheme_0_ee0259c953e0e3b40696.png", "format": "png", "width": 1600, "height": 480}, "_timestamp": 1703402469.7900522, "_runtime": 30.475130081176758, "_step": 1, "validation": {"MAPE": 0.27378063444025075, "fit_time": 8.709320736001246, "prediction_time": 0.5535595973487943}, "_wandb": {"runtime": 30}}