{"cv_scheme": {"_type": "image-file", "sha256": "ee0259c953e0e3b406960605d50988e0f1bad8991453a30f4ab7562498f38ee8", "size": 22891, "path": "media/images/cv_scheme_0_ee0259c953e0e3b40696.png", "format": "png", "width": 1600, "height": 480}, "_timestamp": 1703401962.427386, "_runtime": 36.47420406341553, "_step": 1, "validation": {"MAPE": 0.28943125824315485, "fit_time": 10.709096111318408, "prediction_time": 0.5567773752845824}, "_wandb": {"runtime": 37}}