{"cv_scheme": {"_type": "image-file", "sha256": "ee0259c953e0e3b406960605d50988e0f1bad8991453a30f4ab7562498f38ee8", "size": 22891, "path": "media/images/cv_scheme_0_ee0259c953e0e3b40696.png", "format": "png", "width": 1600, "height": 480}, "_timestamp": 1703402244.2044501, "_runtime": 32.178903102874756, "_step": 1, "validation": {"MAPE": 0.27391443239794727, "fit_time": 9.285153249666715, "prediction_time": 0.5673306110159805}, "_wandb": {"runtime": 31}}