{"cv_scheme": {"_type": "image-file", "sha256": "ee0259c953e0e3b406960605d50988e0f1bad8991453a30f4ab7562498f38ee8", "size": 22891, "path": "media/images/cv_scheme_0_ee0259c953e0e3b40696.png", "format": "png", "width": 1600, "height": 480}, "_timestamp": 1703402154.2646232, "_runtime": 26.712324142456055, "_step": 1, "validation": {"MAPE": 0.32183419347873765, "fit_time": 7.364291583692345, "prediction_time": 0.5746884306815142}, "_wandb": {"runtime": 26}}