{"test": {"model": {"RMSPE": 0.7756063421754784, "MAPE": 0.6921602588228346}}, "_timestamp": 1703568247.818092, "_runtime": 13.4149751663208, "_step": 4, "images_test": {"_type": "image-file", "sha256": "ffb67b9bf645f892c69fd3eb21487404a95c1f2307a0541ab324a03f1cafcd23", "size": 46776, "path": "media/images/images_test_4_ffb67b9bf645f892c69f.png", "format": "png", "width": 1600, "height": 400}, "_wandb": {"runtime": 18}}