{"cv_scheme": {"_type": "image-file", "sha256": "ee0259c953e0e3b406960605d50988e0f1bad8991453a30f4ab7562498f38ee8", "size": 22891, "path": "media/images/cv_scheme_0_ee0259c953e0e3b40696.png", "format": "png", "width": 1600, "height": 480}, "_timestamp": 1703402655.2280269, "_runtime": 36.75105595588684, "_step": 1, "validation": {"MAPE": 0.25751262081416065, "fit_time": 10.78124376401926, "prediction_time": 0.608665139026319}, "_wandb": {"runtime": 36}}