{"cv_scheme": {"_type": "image-file", "sha256": "ee0259c953e0e3b406960605d50988e0f1bad8991453a30f4ab7562498f38ee8", "size": 22891, "path": "media/images/cv_scheme_0_ee0259c953e0e3b40696.png", "format": "png", "width": 1600, "height": 480}, "_timestamp": 1703402512.2758, "_runtime": 30.407201051712036, "_step": 1, "validation": {"MAPE": 0.24723898545075262, "fit_time": 8.670648139008941, "prediction_time": 0.5867830003068472}, "_wandb": {"runtime": 30}}