{"cv_scheme": {"_type": "image-file", "sha256": "ee0259c953e0e3b406960605d50988e0f1bad8991453a30f4ab7562498f38ee8", "size": 22891, "path": "media/images/cv_scheme_0_ee0259c953e0e3b40696.png", "format": "png", "width": 1600, "height": 480}, "_timestamp": 1703402014.2347689, "_runtime": 14.407596826553345, "_step": 1, "validation": {"MAPE": 0.22768637366076216, "fit_time": 3.3468345556563386, "prediction_time": 0.5966492219983289}, "_wandb": {"runtime": 14}}