{"cv_scheme": {"_type": "image-file", "sha256": "ee0259c953e0e3b406960605d50988e0f1bad8991453a30f4ab7562498f38ee8", "size": 22891, "path": "media/images/cv_scheme_0_ee0259c953e0e3b40696.png", "format": "png", "width": 1600, "height": 480}, "_timestamp": 1703401914.6932511, "_runtime": 36.25265622138977, "_step": 1, "validation": {"MAPE": 0.23916969990686546, "fit_time": 10.662040833344994, "prediction_time": 0.5483940836663047}, "_wandb": {"runtime": 35}}