{"cv_scheme": {"_type": "image-file", "sha256": "ee0259c953e0e3b406960605d50988e0f1bad8991453a30f4ab7562498f38ee8", "size": 22891, "path": "media/images/cv_scheme_0_ee0259c953e0e3b40696.png", "format": "png", "width": 1600, "height": 480}, "_timestamp": 1703401866.721718, "_runtime": 36.20420503616333, "_step": 1, "validation": {"MAPE": 0.2451551791117145, "fit_time": 10.652661513653584, "prediction_time": 0.5517249583499506}, "_wandb": {"runtime": 36}}