{"cv_scheme": {"_type": "image-file", "sha256": "ee0259c953e0e3b406960605d50988e0f1bad8991453a30f4ab7562498f38ee8", "size": 22891, "path": "media/images/cv_scheme_0_ee0259c953e0e3b40696.png", "format": "png", "width": 1600, "height": 480}, "_timestamp": 1703402349.00014, "_runtime": 21.33406090736389, "_step": 1, "validation": {"MAPE": 0.25936465019979477, "fit_time": 4.589205249600734, "prediction_time": 0.5566536670085043}, "_wandb": {"runtime": 20}}