{"cv_scheme": {"_type": "image-file", "sha256": "ee0259c953e0e3b406960605d50988e0f1bad8991453a30f4ab7562498f38ee8", "size": 22891, "path": "media/images/cv_scheme_0_ee0259c953e0e3b40696.png", "format": "png", "width": 1600, "height": 480}, "_timestamp": 1703402315.981164, "_runtime": 19.26317000389099, "_step": 1, "validation": {"MAPE": 0.2893614230816575, "fit_time": 4.807023083713527, "prediction_time": 0.5944721807027236}, "_wandb": {"runtime": 18}}