{"cv_scheme": {"_type": "image-file", "sha256": "ee0259c953e0e3b406960605d50988e0f1bad8991453a30f4ab7562498f38ee8", "size": 22891, "path": "media/images/cv_scheme_0_ee0259c953e0e3b40696.png", "format": "png", "width": 1600, "height": 480}, "_timestamp": 1703402681.4221509, "_runtime": 15.392139911651611, "_step": 1, "validation": {"MAPE": 0.2763424170861661, "fit_time": 3.672884861007333, "prediction_time": 0.5789703053111831}, "_wandb": {"runtime": 15}}