{"cv_scheme": {"_type": "image-file", "sha256": "ee0259c953e0e3b406960605d50988e0f1bad8991453a30f4ab7562498f38ee8", "size": 22891, "path": "media/images/cv_scheme_0_ee0259c953e0e3b40696.png", "format": "png", "width": 1600, "height": 480}, "_timestamp": 1703401819.3391418, "_runtime": 30.397454738616943, "_step": 1, "validation": {"MAPE": 0.29846273231725573, "fit_time": 8.60735495830886, "prediction_time": 0.5873615969903767}, "_wandb": {"runtime": 29}}