{"cv_scheme": {"_type": "image-file", "sha256": "ee0259c953e0e3b406960605d50988e0f1bad8991453a30f4ab7562498f38ee8", "size": 22891, "path": "media/images/cv_scheme_0_ee0259c953e0e3b40696.png", "format": "png", "width": 1600, "height": 480}, "_timestamp": 1703402892.8922849, "_runtime": 35.66849088668823, "_step": 1, "validation": {"MAPE": 0.3029681234597139, "fit_time": 10.392660528033351, "prediction_time": 0.6127207913668826}, "_wandb": {"runtime": 35}}