{"cv_scheme": {"_type": "image-file", "sha256": "ee0259c953e0e3b406960605d50988e0f1bad8991453a30f4ab7562498f38ee8", "size": 22891, "path": "media/images/cv_scheme_0_ee0259c953e0e3b40696.png", "format": "png", "width": 1600, "height": 480}, "_timestamp": 1703402427.457344, "_runtime": 30.68143606185913, "_step": 1, "validation": {"MAPE": 0.3226387047263208, "fit_time": 8.752573527977802, "prediction_time": 0.5946190973045304}, "_wandb": {"runtime": 30}}