{"cv_scheme": {"_type": "image-file", "sha256": "ee0259c953e0e3b406960605d50988e0f1bad8991453a30f4ab7562498f38ee8", "size": 22891, "path": "media/images/cv_scheme_0_ee0259c953e0e3b40696.png", "format": "png", "width": 1600, "height": 480}, "_timestamp": 1703401735.089962, "_runtime": 31.249783992767334, "_step": 1, "validation": {"MAPE": 0.24088757299256414, "fit_time": 8.934158805330904, "prediction_time": 0.5999968056955064}, "_wandb": {"runtime": 30}}