{"cv_scheme": {"_type": "image-file", "sha256": "ee0259c953e0e3b406960605d50988e0f1bad8991453a30f4ab7562498f38ee8", "size": 22891, "path": "media/images/cv_scheme_0_ee0259c953e0e3b40696.png", "format": "png", "width": 1600, "height": 480}, "_timestamp": 1703402980.341364, "_runtime": 33.47107195854187, "_step": 1, "validation": {"MAPE": 0.2900200305876531, "fit_time": 9.643375708605163, "prediction_time": 0.6215831113513559}, "_wandb": {"runtime": 34}}