{"cv_scheme": {"_type": "image-file", "sha256": "ee0259c953e0e3b406960605d50988e0f1bad8991453a30f4ab7562498f38ee8", "size": 22891, "path": "media/images/cv_scheme_0_ee0259c953e0e3b40696.png", "format": "png", "width": 1600, "height": 480}, "_timestamp": 1703401627.4320588, "_runtime": 18.726828813552856, "_step": 1, "validation": {"MAPE": 0.23541917061399595, "fit_time": 4.528118542007481, "prediction_time": 0.5663279719883576}, "_wandb": {"runtime": 18}}