{"_step": 1, "_runtime": 17.857880115509033, "cv_scheme": {"height": 480, "sha256": "ee0259c953e0e3b406960605d50988e0f1bad8991453a30f4ab7562498f38ee8", "path": "media/images/cv_scheme_0_ee0259c953e0e3b40696.png", "size": 22891, "_type": "image-file", "width": 1600, "format": "png"}, "_timestamp": 1703401663.5738912, "validation": {"MAPE": 0.21984985646187907, "fit_time": 4.464663250022568, "prediction_time": 0.5716290553488458}, "_wandb": {"runtime": 18}}