{"cv_scheme": {"_type": "image-file", "sha256": "ee0259c953e0e3b406960605d50988e0f1bad8991453a30f4ab7562498f38ee8", "size": 22891, "path": "media/images/cv_scheme_0_ee0259c953e0e3b40696.png", "format": "png", "width": 1600, "height": 480}, "_timestamp": 1703401987.999663, "_runtime": 14.328397035598755, "_step": 1, "validation": {"MAPE": 0.26736399636719105, "fit_time": 3.2758637639926746, "prediction_time": 0.5650877499720082}, "_wandb": {"runtime": 13}}