{"cv_scheme": {"_type": "image-file", "sha256": "ee0259c953e0e3b406960605d50988e0f1bad8991453a30f4ab7562498f38ee8", "size": 22891, "path": "media/images/cv_scheme_0_ee0259c953e0e3b40696.png", "format": "png", "width": 1600, "height": 480}, "_timestamp": 1703402115.802526, "_runtime": 25.508949041366577, "_step": 1, "validation": {"MAPE": 0.27731513800403595, "fit_time": 7.033889485988766, "prediction_time": 0.5715685279962296}, "_wandb": {"runtime": 25}}