{"cv_scheme": {"_type": "image-file", "sha256": "ee0259c953e0e3b406960605d50988e0f1bad8991453a30f4ab7562498f38ee8", "size": 22891, "path": "media/images/cv_scheme_0_ee0259c953e0e3b40696.png", "format": "png", "width": 1600, "height": 480}, "_timestamp": 1703402287.419276, "_runtime": 32.99929189682007, "_step": 1, "validation": {"MAPE": 0.34249278771280234, "fit_time": 9.48468870863629, "prediction_time": 0.5999269860330969}, "_wandb": {"runtime": 32}}