{"cv_scheme": {"_type": "image-file", "sha256": "ee0259c953e0e3b406960605d50988e0f1bad8991453a30f4ab7562498f38ee8", "size": 22891, "path": "media/images/cv_scheme_0_ee0259c953e0e3b40696.png", "format": "png", "width": 1600, "height": 480}, "_timestamp": 1703402734.702466, "_runtime": 15.449320077896118, "_step": 1, "validation": {"MAPE": 0.2487458373395012, "fit_time": 3.649732958370199, "prediction_time": 0.6123579723450044}, "_wandb": {"runtime": 15}}