{"cv_scheme": {"_type": "image-file", "sha256": "ee0259c953e0e3b406960605d50988e0f1bad8991453a30f4ab7562498f38ee8", "size": 22891, "path": "media/images/cv_scheme_0_ee0259c953e0e3b40696.png", "format": "png", "width": 1600, "height": 480}, "_timestamp": 1703402847.450198, "_runtime": 27.253291845321655, "_step": 1, "validation": {"MAPE": 0.2993916322118439, "fit_time": 7.58786495833192, "prediction_time": 0.6150822640241435}, "_wandb": {"runtime": 26}}