{"cv_scheme": {"_type": "image-file", "sha256": "ee0259c953e0e3b406960605d50988e0f1bad8991453a30f4ab7562498f38ee8", "size": 22891, "path": "media/images/cv_scheme_0_ee0259c953e0e3b40696.png", "format": "png", "width": 1600, "height": 480}, "_timestamp": 1703402559.980324, "_runtime": 36.622211933135986, "_step": 1, "validation": {"MAPE": 0.3035871606205483, "fit_time": 10.765224389033392, "prediction_time": 0.5580750002991408}, "_wandb": {"runtime": 36}}