{"cv_scheme": {"_type": "image-file", "sha256": "ee0259c953e0e3b406960605d50988e0f1bad8991453a30f4ab7562498f38ee8", "size": 22891, "path": "media/images/cv_scheme_0_ee0259c953e0e3b40696.png", "format": "png", "width": 1600, "height": 480}, "_timestamp": 1703402041.253966, "_runtime": 14.487482070922852, "_step": 1, "validation": {"MAPE": 0.2708737697347056, "fit_time": 3.3490568473159024, "prediction_time": 0.5632355693572512}, "_wandb": {"runtime": 15}}