{"cv_scheme": {"_type": "image-file", "sha256": "ee0259c953e0e3b406960605d50988e0f1bad8991453a30f4ab7562498f38ee8", "size": 22891, "path": "media/images/cv_scheme_0_ee0259c953e0e3b40696.png", "format": "png", "width": 1600, "height": 480}, "_timestamp": 1703401691.1016629, "_runtime": 17.834995985031128, "_step": 1, "validation": {"MAPE": 0.2724530557372656, "fit_time": 4.5249242219918715, "prediction_time": 0.5448110136591519}, "_wandb": {"runtime": 17}}