{"cv_scheme": {"_type": "image-file", "sha256": "ee0259c953e0e3b406960605d50988e0f1bad8991453a30f4ab7562498f38ee8", "size": 22891, "path": "media/images/cv_scheme_0_ee0259c953e0e3b40696.png", "format": "png", "width": 1600, "height": 480}, "_timestamp": 1703402378.9675379, "_runtime": 19.854204893112183, "_step": 1, "validation": {"MAPE": 0.2532136003561624, "fit_time": 4.5760552919625, "prediction_time": 0.5538735416873047}, "_wandb": {"runtime": 19}}